user_id,cpf,e-mail,entry_date,entry_time,name,update_date
user_10,89333325563,cliente10@exemplo.com,2023-11-03,03:10:00,Cliente 10,2023-05-23
user_100,80858959841,cliente100@exemplo.com,2023-04-18,03:59:25,Cliente 100,2023-01-08
user_1000,25178732742,cliente1000@exemplo.com,2023-07-31,22:16:47,Cliente 1000,2023-05-24
user_101,46762409450,cliente101@exemplo.com,2023-04-14,09:22:00,Cliente 101,2023-02-20
user_102,25473014829,cliente102@exemplo.com,2023-10-21,02:38:00,Cliente 102,2023-02-07
user_103,71866653520,cliente103@exemplo.com,2023-04-24,20:25:01,Cliente 103,2023-05-23
user_104,41700277808,cliente104@exemplo.com,2023-05-31,08:29:54,Cliente 104,2023-08-14
user_105,86120265524,cliente105@exemplo.com,2023-01-04,07:36:00,Cliente 105,2023-08-18
user_107,14956141583,cliente107@exemplo.com,2023-12-28,10:59:46,Cliente 107,2023-07-29
user_108,97870339467,cliente108@exemplo.com,2023-10-09,08:15:00,Cliente 108,2023-06-07
user_109,73374775408,cliente109@exemplo.com,2023-02-13,20:04:34,Cliente 109,2023-09-29
user_11,53430934142,cliente11@exemplo.com,2023-03-03,09:25:10,Cliente 11,2023-03-31
user_110,33734823403,cliente110@exemplo.com,2023-01-29,04:24:00,Cliente 110,2023-10-19
user_111,59513918550,cliente111@exemplo.com,2023-10-14,18:03:00,Cliente 111,2023-08-25
user_112,93721304582,cliente112@exemplo.com,2023-02-06,05:28:31,Cliente 112,2023-05-01
user_114,82018714713,cliente114@exemplo.com,2023-02-22,14:09:56,Cliente 114,2023-08-12
user_115,93113185115,cliente115@exemplo.com,2023-10-14,08:48:00,Cliente 115,2023-09-25
user_116,22770606068,cliente116@exemplo.com,2023-12-17,05:03:00,Cliente 116,2023-02-07
user_117,36464466751,cliente117@exemplo.com,2023-11-14,15:29:49,Cliente 117,2023-01-29
user_118,96073922670,cliente118@exemplo.com,2023-09-18,10:49:48,Cliente 118,2023-04-10
user_119,67218136885,cliente119@exemplo.com,2023-09-23,10:56:00,Cliente 119,2023-11-18
user_12,98597629084,cliente12@exemplo.com,2023-04-09,05:49:00,Cliente 12,2023-05-30
user_121,37700897757,cliente121@exemplo.com,2023-08-02,21:14:29,Cliente 121,2023-07-05
user_122,55199430918,cliente122@exemplo.com,2023-11-29,08:43:27,Cliente 122,2023-04-28
user_123,95376382583,cliente123@exemplo.com,2023-02-12,21:22:00,Cliente 123,2023-11-01
user_124,74404237853,cliente124@exemplo.com,2023-09-07,08:04:00,Cliente 124,2023-07-20
user_125,80634552049,cliente125@exemplo.com,2023-02-26,23:26:07,Cliente 125,2023-08-19
user_126,78534587365,cliente126@exemplo.com,2023-10-31,10:38:00,Cliente 126,2023-10-13
user_128,10134839626,cliente128@exemplo.com,2023-02-17,12:12:00,Cliente 128,2023-06-05
user_129,91226157069,cliente129@exemplo.com,2023-06-29,15:24:00,Cliente 129,2023-07-09
user_13,88238511658,cliente13@exemplo.com,2023-05-17,11:24:10,Cliente 13,2023-04-27
user_130,56039148646,cliente130@exemplo.com,2023-07-27,11:06:00,Cliente 130,2023-09-20
user_131,45217359303,cliente131@exemplo.com,2023-10-23,18:53:07,Cliente 131,2023-11-14
user_132,91557470937,cliente132@exemplo.com,2023-08-18,06:39:18,Cliente 132,2023-09-20
user_133,87255225828,cliente133@exemplo.com,2023-02-01,05:32:00,Cliente 133,2023-01-24
user_135,84748589319,cliente135@exemplo.com,2023-03-02,17:23:00,Cliente 135,2023-08-21
user_136,73218232535,cliente136@exemplo.com,2023-06-09,22:24:00,Cliente 136,2023-12-27
user_137,27926568799,cliente137@exemplo.com,2023-10-09,11:02:00,Cliente 137,2023-07-15
user_138,79770307510,cliente138@exemplo.com,2023-12-30,02:19:00,Cliente 138,2023-04-14
user_139,18497598585,cliente139@exemplo.com,2023-07-28,21:27:42,Cliente 139,2023-09-21
user_14,52458184419,cliente14@exemplo.com,2023-11-16,08:44:00,Cliente 14,2023-06-15
user_140,20186766580,cliente140@exemplo.com,2023-05-27,02:40:14,Cliente 140,2023-04-23
user_142,96672797785,cliente142@exemplo.com,2023-01-14,08:42:00,Cliente 142,2023-11-30
user_143,23492888857,cliente143@exemplo.com,2023-05-02,08:03:00,Cliente 143,2023-07-07
user_144,26036900536,cliente144@exemplo.com,2023-12-21,03:19:00,Cliente 144,2023-06-02
user_145,63153591723,cliente145@exemplo.com,2023-05-07,01:57:51,Cliente 145,2023-02-26
user_146,26770528066,cliente146@exemplo.com,2023-05-07,18:48:00,Cliente 146,2023-08-11
user_147,56486393857,cliente147@exemplo.com,2023-01-03,04:15:00,Cliente 147,2023-05-15
user_149,22424195988,cliente149@exemplo.com,2023-09-24,09:10:47,Cliente 149,2023-02-28
user_150,12305828873,cliente150@exemplo.com,2023-05-13,07:46:00,Cliente 150,2023-11-01
user_151,43957658980,cliente151@exemplo.com,2023-02-27,15:34:02,Cliente 151,2023-10-14
user_152,30210761351,cliente152@exemplo.com,2023-06-04,18:52:00,Cliente 152,2023-10-31
user_153,99642467146,cliente153@exemplo.com,2023-02-13,02:29:00,Cliente 153,2023-02-20
user_154,29599798867,cliente154@exemplo.com,2023-09-09,10:19:00,Cliente 154,2023-04-16
user_156,23670890085,cliente156@exemplo.com,2023-08-28,21:14:01,Cliente 156,2023-04-20
user_157,56303563037,cliente157@exemplo.com,2023-11-21,12:48:20,Cliente 157,2023-04-03
user_158,75539052190,cliente158@exemplo.com,2023-05-10,11:06:00,Cliente 158,2023-06-20
user_159,95745120219,cliente159@exemplo.com,2023-04-14,09:24:37,Cliente 159,2023-01-28
user_16,20032183605,cliente16@exemplo.com,2023-10-14,01:57:00,Cliente 16,2023-10-17
user_160,17759451938,cliente160@exemplo.com,2023-10-31,20:54:00,Cliente 160,2023-02-01
user_161,23335009328,cliente161@exemplo.com,2023-12-25,07:43:00,Cliente 161,2023-01-31
user_163,34532762506,cliente163@exemplo.com,2023-03-08,03:39:00,Cliente 163,2023-02-15
user_164,42796804855,cliente164@exemplo.com,2023-12-21,00:40:00,Cliente 164,2023-08-31
user_165,53413889688,cliente165@exemplo.com,2023-11-04,10:59:00,Cliente 165,2023-08-22
user_166,75884514733,cliente166@exemplo.com,2023-04-08,11:18:00,Cliente 166,2023-02-28
user_167,36240910770,cliente167@exemplo.com,2023-12-08,11:23:00,Cliente 167,2023-01-10
user_168,80615616961,cliente168@exemplo.com,2023-05-10,07:02:00,Cliente 168,2023-10-12
user_17,84216843439,cliente17@exemplo.com,2023-05-09,09:16:00,Cliente 17,2023-03-31
user_170,87198454637,cliente170@exemplo.com,2023-10-07,01:11:00,Cliente 170,2023-02-25
user_171,19731056650,cliente171@exemplo.com,2023-10-29,02:46:29,Cliente 171,2023-02-05
user_172,51368827671,cliente172@exemplo.com,2023-01-26,12:27:00,Cliente 172,2023-06-14
user_173,53149759818,cliente173@exemplo.com,2023-09-08,05:30:00,Cliente 173,2023-12-08
user_174,22058179269,cliente174@exemplo.com,2023-02-14,05:49:00,Cliente 174,2023-06-30
user_175,84166287453,cliente175@exemplo.com,2023-09-09,03:58:00,Cliente 175,2023-11-10
user_177,21409519952,cliente177@exemplo.com,2023-01-30,23:04:00,Cliente 177,2023-05-31
user_178,58154870066,cliente178@exemplo.com,2023-10-16,01:07:00,Cliente 178,2023-04-29
user_179,88197254405,cliente179@exemplo.com,2023-04-08,06:31:12,Cliente 179,2023-05-15
user_18,71506240639,cliente18@exemplo.com,2023-10-29,02:10:00,Cliente 18,2023-07-23
user_180,20247200462,cliente180@exemplo.com,2023-12-08,06:16:00,Cliente 180,2023-03-30
user_181,10800392153,cliente181@exemplo.com,2023-06-22,15:57:07,Cliente 181,2023-01-15
user_182,25750040327,cliente182@exemplo.com,2023-08-14,02:34:00,Cliente 182,2023-05-23
user_184,71158445598,cliente184@exemplo.com,2023-05-18,02:13:00,Cliente 184,2023-03-30
user_185,22929309588,cliente185@exemplo.com,2023-12-24,17:20:59,Cliente 185,2023-02-13
user_186,33033086532,cliente186@exemplo.com,2023-09-24,01:31:00,Cliente 186,2023-09-06
user_187,83491225987,cliente187@exemplo.com,2023-10-24,00:07:00,Cliente 187,2023-10-21
user_188,81453968132,cliente188@exemplo.com,2023-01-05,19:37:00,Cliente 188,2023-08-04
user_189,13877644929,cliente189@exemplo.com,2023-11-21,09:25:00,Cliente 189,2023-06-08
user_19,28126903401,cliente19@exemplo.com,2023-09-03,03:41:00,Cliente 19,2023-06-11
user_191,34954663459,cliente191@exemplo.com,2023-07-26,12:36:00,Cliente 191,2023-01-13
user_192,96787375966,cliente192@exemplo.com,2023-04-21,06:15:00,Cliente 192,2023-03-23
user_193,57396207856,cliente193@exemplo.com,2023-09-01,03:25:00,Cliente 193,2023-05-23
user_194,11270723041,cliente194@exemplo.com,2023-12-29,06:54:00,Cliente 194,2023-10-28
user_195,82956454386,cliente195@exemplo.com,2023-07-15,19:51:00,Cliente 195,2023-08-25
user_196,48160459318,cliente196@exemplo.com,2023-12-09,21:49:43,Cliente 196,2023-09-10
user_198,86272327656,cliente198@exemplo.com,2023-11-08,05:31:00,Cliente 198,2023-07-01
user_199,32900262017,cliente199@exemplo.com,2023-06-07,17:29:00,Cliente 199,2023-02-08
user_2,59899648846,cliente2@exemplo.com,2023-02-13,23:16:00,Cliente 2,2023-07-03
user_20,46599081857,cliente20@exemplo.com,2023-03-30,14:20:12,Cliente 20,2023-12-31
user_200,85443952567,cliente200@exemplo.com,2023-09-06,17:38:00,Cliente 200,2023-05-17
user_201,83694349373,cliente201@exemplo.com,2023-10-30,12:34:00,Cliente 201,2023-11-24
user_202,68313293610,cliente202@exemplo.com,2023-04-15,12:21:00,Cliente 202,2023-05-13
user_203,42469574049,cliente203@exemplo.com,2023-02-26,12:45:00,Cliente 203,2023-02-15
user_205,30632381311,cliente205@exemplo.com,2023-07-11,04:29:00,Cliente 205,2023-02-28
user_206,43927542970,cliente206@exemplo.com,2023-10-16,10:22:00,Cliente 206,2023-06-21
user_207,51667953612,cliente207@exemplo.com,2023-09-28,17:46:28,Cliente 207,2023-03-21
user_208,88281359130,cliente208@exemplo.com,2023-05-22,09:08:00,Cliente 208,2023-06-13
user_209,80664871355,cliente209@exemplo.com,2023-03-13,15:31:59,Cliente 209,2023-11-04
user_21,75083851616,cliente21@exemplo.com,2023-12-27,17:19:06,Cliente 21,2023-11-05
user_210,61138209082,cliente210@exemplo.com,2023-10-22,23:09:23,Cliente 210,2023-05-23
user_212,72142724080,cliente212@exemplo.com,2023-09-22,22:47:00,Cliente 212,2023-09-27
user_213,99736649643,cliente213@exemplo.com,2023-04-13,05:03:00,Cliente 213,2023-05-12
user_214,22159051926,cliente214@exemplo.com,2023-11-15,18:26:00,Cliente 214,2023-02-10
user_215,93034352602,cliente215@exemplo.com,2023-05-18,03:35:00,Cliente 215,2023-06-08
user_216,42331073793,cliente216@exemplo.com,2023-08-28,05:51:00,Cliente 216,2023-11-30
user_217,15040725059,cliente217@exemplo.com,2023-04-04,16:28:26,Cliente 217,2023-05-11
user_219,56971438707,cliente219@exemplo.com,2023-04-29,01:02:00,Cliente 219,2023-12-08
user_220,80689007769,cliente220@exemplo.com,2023-03-28,01:45:00,Cliente 220,2023-02-28
user_221,93375156875,cliente221@exemplo.com,2023-07-23,12:06:00,Cliente 221,2023-04-10
user_222,54689721640,cliente222@exemplo.com,2023-08-09,22:16:00,Cliente 222,2023-10-02
user_223,90658128819,cliente223@exemplo.com,2023-06-13,06:25:00,Cliente 223,2023-07-23
user_224,90730414216,cliente224@exemplo.com,2023-06-08,10:58:00,Cliente 224,2023-12-08
user_226,16173200257,cliente226@exemplo.com,2023-10-15,17:44:41,Cliente 226,2023-10-02
user_227,70295833507,cliente227@exemplo.com,2023-02-12,23:39:50,Cliente 227,2023-10-12
user_228,39576092890,cliente228@exemplo.com,2023-08-22,11:54:00,Cliente 228,2023-12-30
user_229,76622295383,cliente229@exemplo.com,2023-05-26,22:54:09,Cliente 229,2023-07-11
user_23,11640682319,cliente23@exemplo.com,2023-03-29,06:58:00,Cliente 23,2023-11-15
user_230,22321077145,cliente230@exemplo.com,2023-06-14,01:22:00,Cliente 230,2023-01-23
user_231,22541090364,cliente231@exemplo.com,2023-09-23,03:01:00,Cliente 231,2023-01-21
user_233,19791365555,cliente233@exemplo.com,2023-03-12,22:48:52,Cliente 233,2023-05-01
user_234,96332767301,cliente234@exemplo.com,2023-03-10,12:13:00,Cliente 234,2023-04-21
user_235,90704809061,cliente235@exemplo.com,2023-08-05,11:58:00,Cliente 235,2023-02-28
user_236,53688931242,cliente236@exemplo.com,2023-07-11,07:11:00,Cliente 236,2023-04-19
user_237,60745878920,cliente237@exemplo.com,2023-01-02,08:36:00,Cliente 237,2023-04-24
user_238,69518867348,cliente238@exemplo.com,2023-11-16,21:36:00,Cliente 238,2023-01-03
user_24,97152222165,cliente24@exemplo.com,2023-01-30,21:38:50,Cliente 24,2023-03-25
user_240,13757017332,cliente240@exemplo.com,2023-08-29,06:57:26,Cliente 240,2023-05-28
user_241,18592106965,cliente241@exemplo.com,2023-06-13,12:46:00,Cliente 241,2023-02-04
user_242,30125010494,cliente242@exemplo.com,2023-12-27,14:37:45,Cliente 242,2023-07-14
user_243,34210339810,cliente243@exemplo.com,2023-07-30,22:08:00,Cliente 243,2023-01-09
user_244,95901305480,cliente244@exemplo.com,2023-08-08,16:07:00,Cliente 244,2023-04-30
user_245,62676952726,cliente245@exemplo.com,2023-04-07,22:08:06,Cliente 245,2023-12-21
user_247,59906810769,cliente247@exemplo.com,2023-03-19,14:12:00,Cliente 247,2023-04-26
user_248,90441583432,cliente248@exemplo.com,2023-06-03,02:21:51,Cliente 248,2023-09-14
user_249,26462499253,cliente249@exemplo.com,2023-09-30,21:44:00,Cliente 249,2023-02-23
user_25,93751473040,cliente25@exemplo.com,2023-08-27,10:58:40,Cliente 25,2023-11-19
user_250,45555807483,cliente250@exemplo.com,2023-12-30,21:37:15,Cliente 250,2023-12-10
user_251,82391274888,cliente251@exemplo.com,2023-07-22,05:09:00,Cliente 251,2023-06-12
user_252,42852403580,cliente252@exemplo.com,2023-12-04,01:28:00,Cliente 252,2023-12-10
user_254,38274863256,cliente254@exemplo.com,2023-10-02,07:05:00,Cliente 254,2023-06-03
user_255,66389209292,cliente255@exemplo.com,2023-08-12,01:12:52,Cliente 255,2023-11-17
user_256,20341384176,cliente256@exemplo.com,2023-02-08,04:24:00,Cliente 256,2023-11-05
user_257,92294616461,cliente257@exemplo.com,2023-12-14,07:54:00,Cliente 257,2023-03-16
user_258,68681336475,cliente258@exemplo.com,2023-04-28,12:33:00,Cliente 258,2023-04-29
user_259,35757613840,cliente259@exemplo.com,2023-08-09,04:10:00,Cliente 259,2023-03-05
user_26,26515432839,cliente26@exemplo.com,2023-09-07,12:06:00,Cliente 26,2023-12-14
user_261,49953530862,cliente261@exemplo.com,2024-01-01,06:44:00,Cliente 261,2023-01-24
user_262,18876221947,cliente262@exemplo.com,2023-08-22,20:08:00,Cliente 262,2023-06-02
user_263,78727703256,cliente263@exemplo.com,2023-07-08,04:42:00,Cliente 263,2023-08-05
user_264,71247306665,cliente264@exemplo.com,2023-01-30,07:40:00,Cliente 264,2023-12-05
user_265,75793423668,cliente265@exemplo.com,2023-04-30,09:09:00,Cliente 265,2023-08-01
user_266,58189486193,cliente266@exemplo.com,2023-05-03,06:00:00,Cliente 266,2023-06-21
user_268,41869433982,cliente268@exemplo.com,2023-04-05,04:50:00,Cliente 268,2023-09-03
user_269,64503652179,cliente269@exemplo.com,2023-07-13,23:20:59,Cliente 269,2023-09-23
user_27,48471329977,cliente27@exemplo.com,2023-08-11,11:04:00,Cliente 27,2023-06-13
user_270,12526221855,cliente270@exemplo.com,2023-06-12,07:53:00,Cliente 270,2023-07-10
user_271,25172392100,cliente271@exemplo.com,2023-07-24,09:05:00,Cliente 271,2023-03-20
user_272,50309737236,cliente272@exemplo.com,2023-07-09,13:40:14,Cliente 272,2023-07-12
user_273,83955282336,cliente273@exemplo.com,2023-05-07,05:57:00,Cliente 273,2023-07-07
user_275,24855717976,cliente275@exemplo.com,2023-12-15,11:23:00,Cliente 275,2023-06-30
user_276,64717090186,cliente276@exemplo.com,2023-06-08,01:08:00,Cliente 276,2023-11-22
user_277,22463271838,cliente277@exemplo.com,2023-06-29,01:15:00,Cliente 277,2023-10-15
user_278,67434135832,cliente278@exemplo.com,2023-11-15,02:12:36,Cliente 278,2023-05-30
user_279,40548858634,cliente279@exemplo.com,2023-05-24,08:26:00,Cliente 279,2023-02-11
user_28,14733236520,cliente28@exemplo.com,2023-01-13,11:57:14,Cliente 28,2023-02-08
user_280,91436600383,cliente280@exemplo.com,2023-01-02,04:00:00,Cliente 280,2023-07-06
user_282,16650596054,cliente282@exemplo.com,2023-04-21,00:23:58,Cliente 282,2023-10-14
user_283,13814579901,cliente283@exemplo.com,2023-07-24,02:43:00,Cliente 283,2023-07-12
user_284,95539373304,cliente284@exemplo.com,2023-03-27,17:25:00,Cliente 284,2023-12-18
user_285,90993431709,cliente285@exemplo.com,2023-09-18,05:19:33,Cliente 285,2023-07-18
user_286,59610290205,cliente286@exemplo.com,2023-09-12,00:02:33,Cliente 286,2023-10-26
user_287,73528944701,cliente287@exemplo.com,2023-05-25,01:42:00,Cliente 287,2023-09-20
user_289,69120827368,cliente289@exemplo.com,2023-12-19,13:52:00,Cliente 289,2023-10-01
user_290,31524026573,cliente290@exemplo.com,2023-07-11,16:53:00,Cliente 290,2023-06-24
user_291,58515217546,cliente291@exemplo.com,2023-05-20,10:27:59,Cliente 291,2023-10-23
user_292,77064590143,cliente292@exemplo.com,2023-07-22,10:35:00,Cliente 292,2023-11-07
user_293,77690748206,cliente293@exemplo.com,2023-09-28,22:53:00,Cliente 293,2023-01-12
user_294,13539213478,cliente294@exemplo.com,2023-09-16,00:37:00,Cliente 294,2023-06-02
user_296,33646531143,cliente296@exemplo.com,2023-04-19,03:58:56,Cliente 296,2023-02-02
user_297,81927430780,cliente297@exemplo.com,2023-06-05,04:33:00,Cliente 297,2023-07-14
user_298,51612273334,cliente298@exemplo.com,2023-01-03,13:09:01,Cliente 298,2023-05-04
user_299,42179418382,cliente299@exemplo.com,2023-04-26,11:17:00,Cliente 299,2023-07-20
user_3,34205381992,cliente3@exemplo.com,2023-01-02,07:21:40,Cliente 3,2023-04-27
user_30,20172385969,cliente30@exemplo.com,2023-11-22,16:30:00,Cliente 30,2023-06-17
user_300,55623115120,cliente300@exemplo.com,2023-10-30,10:13:00,Cliente 300,2023-12-26
user_301,82797068471,cliente301@exemplo.com,2023-12-10,03:38:00,Cliente 301,2023-11-21
user_303,60109902082,cliente303@exemplo.com,2023-05-20,02:25:00,Cliente 303,2023-08-11
user_304,55368642802,cliente304@exemplo.com,2023-04-27,04:26:00,Cliente 304,2023-05-25
user_305,53936356805,cliente305@exemplo.com,2023-09-11,22:40:00,Cliente 305,2023-12-16
user_306,81659724135,cliente306@exemplo.com,2023-12-26,17:15:00,Cliente 306,2023-08-25
user_307,37311387036,cliente307@exemplo.com,2023-03-28,01:59:00,Cliente 307,2023-03-04
user_308,49629478301,cliente308@exemplo.com,2023-04-12,11:32:14,Cliente 308,2023-01-31
user_31,27594111790,cliente31@exemplo.com,2023-05-08,08:24:00,Cliente 31,2023-06-05
user_310,24808936207,cliente310@exemplo.com,2023-10-23,16:53:00,Cliente 310,2023-03-20
user_311,39627812855,cliente311@exemplo.com,2023-12-30,04:52:18,Cliente 311,2023-02-22
user_312,66825058193,cliente312@exemplo.com,2023-05-07,00:09:48,Cliente 312,2023-10-13
user_313,75777761756,cliente313@exemplo.com,2023-03-15,09:13:54,Cliente 313,2023-09-24
user_314,54948505170,cliente314@exemplo.com,2023-12-08,09:52:00,Cliente 314,2023-11-08
user_315,70777492954,cliente315@exemplo.com,2023-02-21,06:29:38,Cliente 315,2023-03-14
user_317,36020392292,cliente317@exemplo.com,2023-03-27,01:58:05,Cliente 317,2023-01-26
user_318,50058867545,cliente318@exemplo.com,2023-10-01,03:08:59,Cliente 318,2023-03-15
user_319,95219400143,cliente319@exemplo.com,2023-01-24,05:00:03,Cliente 319,2023-02-02
user_32,82772640310,cliente32@exemplo.com,2023-05-30,15:02:28,Cliente 32,2023-08-14
user_320,91340981387,cliente320@exemplo.com,2023-04-30,03:37:00,Cliente 320,2023-06-21
user_321,85781427281,cliente321@exemplo.com,2023-11-18,06:02:59,Cliente 321,2023-01-15
user_322,76340254725,cliente322@exemplo.com,2023-06-22,01:24:00,Cliente 322,2023-04-06
user_324,90836270727,cliente324@exemplo.com,2023-01-03,05:22:27,Cliente 324,2023-06-30
user_325,41194978753,cliente325@exemplo.com,2023-06-26,07:35:00,Cliente 325,2023-03-23
user_326,11404916485,cliente326@exemplo.com,2023-08-03,17:11:00,Cliente 326,2023-07-01
user_327,34991276577,cliente327@exemplo.com,2023-05-19,03:08:36,Cliente 327,2023-08-26
user_328,83729438074,cliente328@exemplo.com,2023-04-24,12:12:00,Cliente 328,2023-12-27
user_329,39839667439,cliente329@exemplo.com,2023-03-22,20:37:00,Cliente 329,2023-07-01
user_33,86175847995,cliente33@exemplo.com,2023-11-13,01:06:00,Cliente 33,2023-04-04
user_331,33321441193,cliente331@exemplo.com,2023-04-25,02:21:00,Cliente 331,2023-04-02
user_332,47036313672,cliente332@exemplo.com,2023-03-21,03:30:00,Cliente 332,2023-03-20
user_333,64907624680,cliente333@exemplo.com,2023-07-10,15:24:40,Cliente 333,2023-06-09
user_334,92755734619,cliente334@exemplo.com,2023-02-28,20:05:50,Cliente 334,2023-01-30
user_335,94472663224,cliente335@exemplo.com,2023-07-15,13:25:46,Cliente 335,2023-12-30
user_336,29986841412,cliente336@exemplo.com,2023-03-13,11:43:12,Cliente 336,2023-10-04
user_338,30762461481,cliente338@exemplo.com,2023-05-24,23:17:09,Cliente 338,2023-06-01
user_339,91135453167,cliente339@exemplo.com,2023-09-05,13:52:00,Cliente 339,2023-07-16
user_34,27322877355,cliente34@exemplo.com,2023-04-10,17:08:00,Cliente 34,2023-02-24
user_340,38039586354,cliente340@exemplo.com,2023-12-11,02:12:00,Cliente 340,2023-05-15
user_341,71968993780,cliente341@exemplo.com,2023-07-14,07:33:00,Cliente 341,2023-05-04
user_342,30817547069,cliente342@exemplo.com,2023-06-05,12:18:00,Cliente 342,2023-09-11
user_343,19561544656,cliente343@exemplo.com,2023-05-30,05:46:13,Cliente 343,2023-08-29
user_345,22588834840,cliente345@exemplo.com,2023-10-22,09:48:00,Cliente 345,2023-07-23
user_346,44250218786,cliente346@exemplo.com,2023-06-05,18:43:00,Cliente 346,2023-08-15
user_347,49214894998,cliente347@exemplo.com,2023-04-14,03:37:10,Cliente 347,2023-09-05
user_348,48385972814,cliente348@exemplo.com,2023-03-31,14:58:25,Cliente 348,2023-06-24
user_349,73479370447,cliente349@exemplo.com,2023-03-04,02:50:00,Cliente 349,2023-07-22
user_35,49341175569,cliente35@exemplo.com,2023-11-05,00:54:16,Cliente 35,2023-09-28
user_350,42780656207,cliente350@exemplo.com,2023-05-14,01:27:00,Cliente 350,2023-02-17
user_352,80064363658,cliente352@exemplo.com,2023-01-09,04:15:00,Cliente 352,2023-11-05
user_353,67449448864,cliente353@exemplo.com,2023-11-14,09:07:00,Cliente 353,2023-03-27
user_354,76668379708,cliente354@exemplo.com,2023-04-19,06:43:00,Cliente 354,2023-07-04
user_355,72813979529,cliente355@exemplo.com,2023-06-26,13:03:12,Cliente 355,2023-02-21
user_356,76410169114,cliente356@exemplo.com,2023-08-25,13:15:03,Cliente 356,2023-11-11
user_357,42702683578,cliente357@exemplo.com,2023-04-21,02:37:00,Cliente 357,2023-05-04
user_359,11310788989,cliente359@exemplo.com,2023-01-27,02:24:00,Cliente 359,2023-10-24
user_360,42115770269,cliente360@exemplo.com,2023-09-15,08:38:00,Cliente 360,2024-01-01
user_361,76759614566,cliente361@exemplo.com,2023-08-20,08:04:00,Cliente 361,2023-11-03
user_362,10408291213,cliente362@exemplo.com,2023-12-06,13:15:00,Cliente 362,2023-02-16
user_363,47104485438,cliente363@exemplo.com,2023-04-11,02:52:00,Cliente 363,2023-10-23
user_364,85419577941,cliente364@exemplo.com,2023-09-12,04:03:00,Cliente 364,2023-12-31
user_366,31417248189,cliente366@exemplo.com,2023-05-31,19:47:54,Cliente 366,2023-08-26
user_367,91619479790,cliente367@exemplo.com,2023-01-19,12:27:00,Cliente 367,2023-08-01
user_368,33452864369,cliente368@exemplo.com,2023-05-01,16:46:00,Cliente 368,2023-01-03
user_369,19831453535,cliente369@exemplo.com,2023-03-05,04:51:12,Cliente 369,2023-01-16
user_37,57384769040,cliente37@exemplo.com,2023-03-08,10:08:00,Cliente 37,2023-02-23
user_370,62112983008,cliente370@exemplo.com,2023-07-14,04:33:00,Cliente 370,2023-07-10
user_371,49675065145,cliente371@exemplo.com,2023-04-05,02:43:00,Cliente 371,2024-01-01
user_373,41072493599,cliente373@exemplo.com,2023-02-25,11:38:00,Cliente 373,2023-02-19
user_374,50309797791,cliente374@exemplo.com,2023-04-03,20:29:06,Cliente 374,2023-07-16
user_375,35305356228,cliente375@exemplo.com,2023-01-24,03:42:00,Cliente 375,2023-02-15
user_376,87462750907,cliente376@exemplo.com,2023-09-11,01:30:00,Cliente 376,2023-12-31
user_377,84244875908,cliente377@exemplo.com,2023-08-24,05:18:00,Cliente 377,2023-09-22
user_378,49342700084,cliente378@exemplo.com,2023-09-03,04:11:00,Cliente 378,2023-12-28
user_38,99242426215,cliente38@exemplo.com,2023-10-09,12:54:00,Cliente 38,2023-11-05
user_380,93872070413,cliente380@exemplo.com,2023-04-02,06:41:00,Cliente 380,2023-06-14
user_381,23575503647,cliente381@exemplo.com,2023-04-02,14:10:00,Cliente 381,2023-06-03
user_382,19445625997,cliente382@exemplo.com,2023-03-11,09:32:00,Cliente 382,2023-08-13
user_383,46732653133,cliente383@exemplo.com,2023-07-02,16:21:04,Cliente 383,2023-08-16
user_384,85949191987,cliente384@exemplo.com,2023-01-27,11:39:00,Cliente 384,2023-06-28
user_385,22377283001,cliente385@exemplo.com,2023-12-31,01:08:00,Cliente 385,2023-03-02
user_387,88064822832,cliente387@exemplo.com,2023-04-20,23:00:00,Cliente 387,2023-12-19
user_388,60608626180,cliente388@exemplo.com,2023-07-19,11:33:00,Cliente 388,2023-08-11
user_389,24312125628,cliente389@exemplo.com,2023-07-24,05:12:18,Cliente 389,2023-07-15
user_39,91438858210,cliente39@exemplo.com,2023-11-29,22:58:00,Cliente 39,2023-05-09
user_390,30169673316,cliente390@exemplo.com,2023-06-01,16:58:36,Cliente 390,2023-05-28
user_391,21025533049,cliente391@exemplo.com,2023-12-11,11:54:00,Cliente 391,2023-10-06
user_392,83428815029,cliente392@exemplo.com,2023-03-24,11:21:00,Cliente 392,2023-12-23
user_394,12297645490,cliente394@exemplo.com,2023-09-07,05:17:50,Cliente 394,2023-01-21
user_395,16576389405,cliente395@exemplo.com,2023-03-19,22:53:00,Cliente 395,2023-09-20
user_396,44755342832,cliente396@exemplo.com,2023-02-28,12:12:00,Cliente 396,2023-11-09
user_397,85451543594,cliente397@exemplo.com,2023-08-20,16:01:00,Cliente 397,2023-04-22
user_398,14927991440,cliente398@exemplo.com,2023-10-27,12:36:00,Cliente 398,2023-01-07
user_399,86399185436,cliente399@exemplo.com,2023-06-01,11:47:00,Cliente 399,2023-09-23
user_4,10810137798,cliente4@exemplo.com,2023-08-01,03:47:00,Cliente 4,2023-12-01
user_40,87609783663,cliente40@exemplo.com,2023-02-23,07:08:00,Cliente 40,2023-08-02
user_401,36323659082,cliente401@exemplo.com,2023-09-29,23:34:23,Cliente 401,2023-09-09
user_402,51904166540,cliente402@exemplo.com,2023-04-29,07:56:00,Cliente 402,2023-05-28
user_403,54065160107,cliente403@exemplo.com,2023-02-12,06:39:00,Cliente 403,2023-04-10
user_404,42893428749,cliente404@exemplo.com,2023-10-30,08:25:00,Cliente 404,2023-01-11
user_405,99013911062,cliente405@exemplo.com,2023-11-19,03:20:00,Cliente 405,2023-07-04
user_406,98419313929,cliente406@exemplo.com,2023-07-18,11:47:00,Cliente 406,2023-01-05
user_408,80275549448,cliente408@exemplo.com,2023-02-15,04:49:00,Cliente 408,2023-08-11
user_409,47458090594,cliente409@exemplo.com,2023-10-25,18:42:00,Cliente 409,2023-08-08
user_41,17558175789,cliente41@exemplo.com,2023-03-05,02:42:00,Cliente 41,2023-03-01
user_410,34619530383,cliente410@exemplo.com,2023-08-03,06:03:44,Cliente 410,2023-09-22
user_411,78610784855,cliente411@exemplo.com,2023-04-29,05:03:00,Cliente 411,2023-07-27
user_412,38711326256,cliente412@exemplo.com,2023-12-20,17:14:31,Cliente 412,2023-04-28
user_413,91223936997,cliente413@exemplo.com,2023-03-22,18:13:00,Cliente 413,2023-02-19
user_415,80268782547,cliente415@exemplo.com,2023-04-01,18:38:00,Cliente 415,2023-06-26
user_416,69541959831,cliente416@exemplo.com,2023-12-01,19:10:58,Cliente 416,2023-01-17
user_417,82667253727,cliente417@exemplo.com,2023-04-06,18:57:23,Cliente 417,2023-11-23
user_418,93075655461,cliente418@exemplo.com,2023-09-22,03:53:00,Cliente 418,2023-12-25
user_419,95702922993,cliente419@exemplo.com,2023-01-10,21:55:28,Cliente 419,2023-12-28
user_42,63632921135,cliente42@exemplo.com,2023-10-07,06:38:43,Cliente 42,2023-12-04
user_420,80848637281,cliente420@exemplo.com,2023-03-20,12:26:00,Cliente 420,2023-06-20
user_422,98493697401,cliente422@exemplo.com,2023-12-15,13:13:33,Cliente 422,2023-03-25
user_423,17376172375,cliente423@exemplo.com,2023-04-03,12:45:18,Cliente 423,2023-07-18
user_424,33161125392,cliente424@exemplo.com,2023-09-28,15:53:42,Cliente 424,2023-07-25
user_425,86703232492,cliente425@exemplo.com,2023-03-17,03:39:40,Cliente 425,2023-01-06
user_426,32863504369,cliente426@exemplo.com,2023-05-29,05:50:00,Cliente 426,2023-10-14
user_427,88142137803,cliente427@exemplo.com,2023-04-04,04:20:00,Cliente 427,2023-11-13
user_429,82275245641,cliente429@exemplo.com,2023-08-29,05:33:00,Cliente 429,2023-07-30
user_430,48793392890,cliente430@exemplo.com,2023-04-06,01:09:00,Cliente 430,2023-01-18
user_431,99404092324,cliente431@exemplo.com,2023-06-25,04:28:00,Cliente 431,2023-03-28
user_432,15326820951,cliente432@exemplo.com,2023-11-21,05:40:00,Cliente 432,2023-06-22
user_433,69681840277,cliente433@exemplo.com,2023-09-16,10:09:00,Cliente 433,2023-07-05
user_434,35436043977,cliente434@exemplo.com,2023-10-26,08:41:38,Cliente 434,2023-11-03
user_436,10749111107,cliente436@exemplo.com,2023-09-26,15:13:11,Cliente 436,2023-09-09
user_437,47650122894,cliente437@exemplo.com,2023-07-15,19:35:00,Cliente 437,2023-03-17
user_438,43363695504,cliente438@exemplo.com,2023-10-10,06:17:00,Cliente 438,2023-09-02
user_439,19087732981,cliente439@exemplo.com,2023-05-06,12:22:00,Cliente 439,2023-06-20
user_44,71633758787,cliente44@exemplo.com,2023-09-20,21:11:39,Cliente 44,2023-09-17
user_440,44823736770,cliente440@exemplo.com,2023-07-16,14:55:37,Cliente 440,2023-11-01
user_441,84695158508,cliente441@exemplo.com,2023-10-17,10:05:00,Cliente 441,2023-11-14
user_443,84864152144,cliente443@exemplo.com,2023-05-09,01:51:00,Cliente 443,2023-08-15
user_444,63503632566,cliente444@exemplo.com,2023-02-27,01:38:35,Cliente 444,2023-01-08
user_445,98640613911,cliente445@exemplo.com,2023-06-06,13:02:08,Cliente 445,2023-06-05
user_446,43437353427,cliente446@exemplo.com,2023-02-11,02:45:59,Cliente 446,2023-02-02
user_447,90782681319,cliente447@exemplo.com,2023-03-18,11:41:00,Cliente 447,2023-01-31
user_448,38061921807,cliente448@exemplo.com,2023-09-25,11:10:52,Cliente 448,2023-11-28
user_45,70772240128,cliente45@exemplo.com,2023-10-01,06:44:26,Cliente 45,2023-08-10
user_450,74038202954,cliente450@exemplo.com,2023-06-19,10:33:00,Cliente 450,2023-12-08
user_451,98822412057,cliente451@exemplo.com,2023-06-05,06:27:00,Cliente 451,2023-05-13
user_452,76434167479,cliente452@exemplo.com,2023-02-05,09:45:00,Cliente 452,2023-09-17
user_453,67777253526,cliente453@exemplo.com,2023-03-04,22:26:00,Cliente 453,2023-02-09
user_454,93714016820,cliente454@exemplo.com,2023-06-10,03:48:00,Cliente 454,2023-08-12
user_455,44662855162,cliente455@exemplo.com,2023-06-13,04:57:00,Cliente 455,2023-12-10
user_457,89498312836,cliente457@exemplo.com,2023-12-05,21:54:00,Cliente 457,2023-10-25
user_458,30511943261,cliente458@exemplo.com,2023-05-18,08:35:24,Cliente 458,2023-04-30
user_459,51820598316,cliente459@exemplo.com,2023-07-24,06:02:00,Cliente 459,2023-09-11
user_46,79805136729,cliente46@exemplo.com,2023-05-21,21:10:20,Cliente 46,2023-12-29
user_460,54730261764,cliente460@exemplo.com,2023-01-14,12:16:00,Cliente 460,2023-08-09
user_461,35849466980,cliente461@exemplo.com,2023-06-30,04:51:00,Cliente 461,2023-08-29
user_462,92731395990,cliente462@exemplo.com,2023-05-04,03:00:00,Cliente 462,2023-08-16
user_464,85849289741,cliente464@exemplo.com,2023-11-25,17:24:37,Cliente 464,2023-06-09
user_465,71382744406,cliente465@exemplo.com,2023-02-05,04:21:00,Cliente 465,2023-08-17
user_466,80634940911,cliente466@exemplo.com,2023-10-09,08:37:00,Cliente 466,2023-06-15
user_467,80787188437,cliente467@exemplo.com,2023-09-13,13:30:00,Cliente 467,2023-01-22
user_468,24543438965,cliente468@exemplo.com,2023-07-18,01:20:00,Cliente 468,2023-01-15
user_469,38877477054,cliente469@exemplo.com,2023-12-15,09:47:27,Cliente 469,2023-07-24
user_47,76975786682,cliente47@exemplo.com,2023-03-03,17:27:13,Cliente 47,2023-12-26
user_471,71267049129,cliente471@exemplo.com,2023-08-09,00:21:05,Cliente 471,2023-08-20
user_472,67508536294,cliente472@exemplo.com,2023-05-25,13:00:24,Cliente 472,2023-07-30
user_473,29069385906,cliente473@exemplo.com,2023-03-29,20:36:34,Cliente 473,2023-10-19
user_474,32135928812,cliente474@exemplo.com,2023-05-20,05:53:00,Cliente 474,2023-09-09
user_475,67952865156,cliente475@exemplo.com,2023-11-14,10:15:42,Cliente 475,2023-11-15
user_476,55691501125,cliente476@exemplo.com,2023-06-25,16:07:25,Cliente 476,2023-01-02
user_478,36558434094,cliente478@exemplo.com,2023-06-05,07:31:00,Cliente 478,2023-02-22
user_479,62393060978,cliente479@exemplo.com,2023-01-28,10:10:00,Cliente 479,2023-08-24
user_48,40036163262,cliente48@exemplo.com,2023-09-27,03:51:05,Cliente 48,2023-12-04
user_480,81415782053,cliente480@exemplo.com,2023-05-08,12:34:00,Cliente 480,2023-06-09
user_481,15682513153,cliente481@exemplo.com,2023-12-04,05:20:24,Cliente 481,2023-03-29
user_482,45163617458,cliente482@exemplo.com,2023-01-24,18:59:25,Cliente 482,2023-04-25
user_483,12161406698,cliente483@exemplo.com,2023-07-01,11:43:14,Cliente 483,2023-08-24
user_485,78109772572,cliente485@exemplo.com,2023-08-28,00:14:00,Cliente 485,2023-09-08
user_486,22195514780,cliente486@exemplo.com,2023-12-02,04:46:00,Cliente 486,2023-12-08
user_487,70121761383,cliente487@exemplo.com,2023-07-15,18:31:09,Cliente 487,2023-12-16
user_488,59605051945,cliente488@exemplo.com,2023-05-13,03:28:00,Cliente 488,2023-12-20
user_489,56662254725,cliente489@exemplo.com,2023-09-12,11:08:10,Cliente 489,2023-11-01
user_49,67802341007,cliente49@exemplo.com,2023-06-25,19:44:04,Cliente 49,2023-11-05
user_490,81561128711,cliente490@exemplo.com,2023-08-29,04:31:00,Cliente 490,2023-05-31
user_492,73990167244,cliente492@exemplo.com,2023-11-01,16:33:48,Cliente 492,2023-11-10
user_493,88046885843,cliente493@exemplo.com,2023-10-19,15:16:40,Cliente 493,2023-05-20
user_494,99226600407,cliente494@exemplo.com,2023-01-22,06:27:00,Cliente 494,2023-10-11
user_495,25004568491,cliente495@exemplo.com,2023-09-10,11:00:00,Cliente 495,2023-11-27
user_496,96230406745,cliente496@exemplo.com,2023-04-08,04:06:00,Cliente 496,2023-08-06
user_497,74139867224,cliente497@exemplo.com,2023-02-23,00:38:23,Cliente 497,2023-06-07
user_499,33236362721,cliente499@exemplo.com,2023-03-29,23:49:00,Cliente 499,2023-03-07
user_5,74215374993,cliente5@exemplo.com,2023-02-25,22:57:41,Cliente 5,2023-08-25
user_500,32084864883,cliente500@exemplo.com,2023-12-22,10:41:47,Cliente 500,2023-01-02
user_501,13132652817,cliente501@exemplo.com,2023-12-04,06:46:00,Cliente 501,2023-12-26
user_502,91322104849,cliente502@exemplo.com,2023-07-01,16:02:18,Cliente 502,2023-08-06
user_503,86710662862,cliente503@exemplo.com,2023-11-27,20:28:00,Cliente 503,2023-09-09
user_504,93008475753,cliente504@exemplo.com,2023-10-16,10:51:00,Cliente 504,2023-07-17
user_506,94467950163,cliente506@exemplo.com,2023-04-15,02:15:00,Cliente 506,2023-10-14
user_507,96132130166,cliente507@exemplo.com,2023-09-23,02:29:00,Cliente 507,2023-03-16
user_508,12353626392,cliente508@exemplo.com,2023-07-20,09:41:00,Cliente 508,2023-01-13
user_509,82817457053,cliente509@exemplo.com,2023-08-01,12:29:00,Cliente 509,2023-10-19
user_51,97388475133,cliente51@exemplo.com,2023-11-01,10:48:00,Cliente 51,2023-01-19
user_510,81589713661,cliente510@exemplo.com,2023-10-03,09:01:00,Cliente 510,2023-03-05
user_511,25114185196,cliente511@exemplo.com,2023-10-12,12:27:00,Cliente 511,2023-08-06
user_513,13409646781,cliente513@exemplo.com,2023-06-10,04:19:00,Cliente 513,2023-11-21
user_514,16913117159,cliente514@exemplo.com,2023-12-28,13:06:22,Cliente 514,2023-02-28
user_515,96711025481,cliente515@exemplo.com,2023-04-05,17:18:00,Cliente 515,2023-10-24
user_516,12430864068,cliente516@exemplo.com,2023-02-19,09:04:55,Cliente 516,2023-03-28
user_517,10821829387,cliente517@exemplo.com,2023-09-27,17:13:48,Cliente 517,2023-07-05
user_518,58425711242,cliente518@exemplo.com,2023-08-08,15:08:12,Cliente 518,2023-09-28
user_52,61271724120,cliente52@exemplo.com,2023-04-17,22:59:00,Cliente 52,2023-05-28
user_520,21561307236,cliente520@exemplo.com,2023-02-24,04:47:00,Cliente 520,2023-08-14
user_521,50013326799,cliente521@exemplo.com,2023-08-10,20:37:04,Cliente 521,2023-07-10
user_522,10779058642,cliente522@exemplo.com,2023-03-17,02:51:00,Cliente 522,2023-04-11
user_523,35509000266,cliente523@exemplo.com,2023-05-30,05:58:00,Cliente 523,2023-12-08
user_524,84115874535,cliente524@exemplo.com,2023-11-03,18:04:02,Cliente 524,2023-12-24
user_525,39839439221,cliente525@exemplo.com,2023-11-04,04:43:00,Cliente 525,2023-08-13
user_527,17125803381,cliente527@exemplo.com,2023-09-16,23:31:00,Cliente 527,2023-06-17
user_528,11479270620,cliente528@exemplo.com,2023-07-11,04:13:00,Cliente 528,2023-10-02
user_529,39159052122,cliente529@exemplo.com,2023-03-15,12:02:00,Cliente 529,2023-04-16
user_53,42808108909,cliente53@exemplo.com,2023-09-15,10:29:00,Cliente 53,2023-07-12
user_530,37418583940,cliente530@exemplo.com,2023-05-08,08:25:51,Cliente 530,2023-06-11
user_531,77969205538,cliente531@exemplo.com,2023-03-03,10:53:00,Cliente 531,2023-07-16
user_532,75077650817,cliente532@exemplo.com,2023-05-31,12:56:00,Cliente 532,2023-12-06
user_534,75746516306,cliente534@exemplo.com,2023-09-01,01:54:00,Cliente 534,2023-12-12
user_535,28123496390,cliente535@exemplo.com,2023-08-11,10:35:00,Cliente 535,2023-05-15
user_536,33312016050,cliente536@exemplo.com,2023-04-04,17:35:00,Cliente 536,2023-03-24
user_537,43399065527,cliente537@exemplo.com,2023-06-09,18:21:25,Cliente 537,2023-07-27
user_538,61411522803,cliente538@exemplo.com,2023-02-21,11:19:00,Cliente 538,2023-12-01
user_539,46773593006,cliente539@exemplo.com,2023-03-15,09:17:00,Cliente 539,2023-09-15
user_54,21972379443,cliente54@exemplo.com,2023-12-18,23:48:00,Cliente 54,2023-10-10
user_541,70641340105,cliente541@exemplo.com,2023-01-26,10:39:00,Cliente 541,2023-05-13
user_542,30610503666,cliente542@exemplo.com,2023-07-02,07:55:00,Cliente 542,2023-05-03
user_543,24295633868,cliente543@exemplo.com,2023-09-11,17:03:00,Cliente 543,2023-03-31
user_544,51079586121,cliente544@exemplo.com,2023-08-13,09:57:00,Cliente 544,2023-02-04
user_545,70179316830,cliente545@exemplo.com,2023-12-15,06:33:00,Cliente 545,2023-01-15
user_546,86951559160,cliente546@exemplo.com,2023-11-25,05:48:07,Cliente 546,2023-12-03
user_548,71307798281,cliente548@exemplo.com,2023-10-04,05:32:30,Cliente 548,2023-04-20
user_549,54822041774,cliente549@exemplo.com,2023-10-27,05:04:00,Cliente 549,2023-10-31
user_55,54925977810,cliente55@exemplo.com,2023-03-12,09:50:00,Cliente 55,2023-07-24
user_550,28063963273,cliente550@exemplo.com,2023-06-20,02:11:00,Cliente 550,2023-04-21
user_551,30184612186,cliente551@exemplo.com,2023-01-31,14:01:00,Cliente 551,2023-08-08
user_552,44632888233,cliente552@exemplo.com,2023-07-01,06:04:17,Cliente 552,2023-07-23
user_553,92935195871,cliente553@exemplo.com,2023-01-12,04:44:00,Cliente 553,2023-04-14
user_555,72950264203,cliente555@exemplo.com,2023-02-18,12:31:53,Cliente 555,2023-11-04
user_556,88947463057,cliente556@exemplo.com,2023-07-31,21:53:36,Cliente 556,2023-06-20
user_557,51560784506,cliente557@exemplo.com,2023-09-28,04:30:00,Cliente 557,2023-11-28
user_558,76568514769,cliente558@exemplo.com,2023-10-25,07:14:00,Cliente 558,2023-06-05
user_559,58110685192,cliente559@exemplo.com,2023-09-20,07:06:00,Cliente 559,2023-03-11
user_56,93829257953,cliente56@exemplo.com,2023-10-07,10:39:00,Cliente 56,2023-11-14
user_560,18587067463,cliente560@exemplo.com,2023-09-04,06:44:00,Cliente 560,2023-08-15
user_562,29551785225,cliente562@exemplo.com,2023-02-20,05:10:00,Cliente 562,2023-04-28
user_563,36705016008,cliente563@exemplo.com,2023-12-01,16:57:00,Cliente 563,2023-09-23
user_564,38119151486,cliente564@exemplo.com,2023-10-24,15:20:04,Cliente 564,2023-06-20
user_565,52140608187,cliente565@exemplo.com,2023-09-01,15:10:22,Cliente 565,2023-08-02
user_566,82608806238,cliente566@exemplo.com,2023-03-10,16:38:46,Cliente 566,2023-03-16
user_567,19336367863,cliente567@exemplo.com,2023-06-20,02:55:00,Cliente 567,2023-01-05
user_569,35188513834,cliente569@exemplo.com,2023-05-04,16:55:48,Cliente 569,2023-11-08
user_570,16374482601,cliente570@exemplo.com,2023-05-02,12:55:00,Cliente 570,2023-04-16
user_571,46776387133,cliente571@exemplo.com,2023-12-21,14:12:10,Cliente 571,2023-08-21
user_572,27795297651,cliente572@exemplo.com,2023-08-28,19:24:12,Cliente 572,2023-05-31
user_573,34507168248,cliente573@exemplo.com,2023-06-06,04:42:00,Cliente 573,2023-11-30
user_574,66657647798,cliente574@exemplo.com,2023-06-22,16:54:00,Cliente 574,2023-01-19
user_576,33413078444,cliente576@exemplo.com,2023-11-30,19:42:00,Cliente 576,2023-11-26
user_577,54077157033,cliente577@exemplo.com,2023-02-20,04:02:00,Cliente 577,2023-08-17
user_578,97915436068,cliente578@exemplo.com,2023-11-14,08:24:06,Cliente 578,2023-11-19
user_579,99889160723,cliente579@exemplo.com,2023-11-20,21:58:00,Cliente 579,2023-09-03
user_58,28880931198,cliente58@exemplo.com,2023-02-20,13:59:00,Cliente 58,2023-02-04
user_580,28143440142,cliente580@exemplo.com,2023-07-04,11:29:00,Cliente 580,2023-01-17
user_581,51437113056,cliente581@exemplo.com,2023-02-28,07:46:00,Cliente 581,2023-04-05
user_583,72804682579,cliente583@exemplo.com,2023-05-09,00:30:00,Cliente 583,2023-01-09
user_584,43714722748,cliente584@exemplo.com,2023-12-22,03:56:00,Cliente 584,2023-07-29
user_585,54912377199,cliente585@exemplo.com,2023-10-01,17:06:07,Cliente 585,2023-09-13
user_586,58220748304,cliente586@exemplo.com,2023-12-13,10:36:00,Cliente 586,2023-04-23
user_587,72923814057,cliente587@exemplo.com,2023-07-11,20:20:00,Cliente 587,2023-02-15
user_588,69955004053,cliente588@exemplo.com,2023-05-28,22:43:00,Cliente 588,2023-10-15
user_59,53593942358,cliente59@exemplo.com,2023-10-11,02:32:00,Cliente 59,2023-05-19
user_590,63800599119,cliente590@exemplo.com,2023-09-24,23:37:00,Cliente 590,2023-11-30
user_591,50052926664,cliente591@exemplo.com,2023-08-24,02:11:00,Cliente 591,2023-09-19
user_592,27591467782,cliente592@exemplo.com,2023-08-27,09:59:00,Cliente 592,2023-07-06
user_593,16209254270,cliente593@exemplo.com,2023-08-30,12:17:00,Cliente 593,2023-12-29
user_594,96521542052,cliente594@exemplo.com,2023-09-18,20:45:33,Cliente 594,2023-10-26
user_595,79557351971,cliente595@exemplo.com,2023-03-17,19:09:00,Cliente 595,2023-09-11
user_597,12795681304,cliente597@exemplo.com,2023-09-30,22:40:00,Cliente 597,2023-07-19
user_598,35132171275,cliente598@exemplo.com,2023-02-02,21:40:04,Cliente 598,2023-11-30
user_599,45059683298,cliente599@exemplo.com,2023-04-11,21:30:00,Cliente 599,2023-09-14
user_6,77092708481,cliente6@exemplo.com,2023-09-24,10:57:00,Cliente 6,2023-10-11
user_60,80345325961,cliente60@exemplo.com,2023-06-25,01:07:00,Cliente 60,2023-11-23
user_600,32248139188,cliente600@exemplo.com,2023-08-23,00:30:00,Cliente 600,2023-03-05
user_601,82540390644,cliente601@exemplo.com,2023-05-03,11:01:00,Cliente 601,2023-06-21
user_602,62605378255,cliente602@exemplo.com,2023-06-24,16:45:00,Cliente 602,2023-08-24
user_604,59229529889,cliente604@exemplo.com,2023-12-08,15:08:55,Cliente 604,2023-04-22
user_605,77283625587,cliente605@exemplo.com,2023-07-19,12:35:00,Cliente 605,2023-05-15
user_606,41483051998,cliente606@exemplo.com,2023-04-13,02:10:00,Cliente 606,2023-08-24
user_607,79282909009,cliente607@exemplo.com,2023-07-05,02:47:00,Cliente 607,2023-10-29
user_608,67969217899,cliente608@exemplo.com,2023-08-18,10:40:22,Cliente 608,2023-08-13
user_609,66923265759,cliente609@exemplo.com,2023-09-10,01:01:00,Cliente 609,2023-12-10
user_61,74482297590,cliente61@exemplo.com,2023-05-04,23:19:00,Cliente 61,2023-07-01
user_611,39673406706,cliente611@exemplo.com,2023-05-23,06:58:00,Cliente 611,2023-09-30
user_612,10029160116,cliente612@exemplo.com,2023-10-08,02:02:21,Cliente 612,2023-08-11
user_613,81782153521,cliente613@exemplo.com,2023-11-20,08:21:00,Cliente 613,2023-11-03
user_614,10571365948,cliente614@exemplo.com,2023-07-03,07:50:00,Cliente 614,2023-01-22
user_615,69907512464,cliente615@exemplo.com,2023-12-03,04:32:00,Cliente 615,2023-12-30
user_616,43448428968,cliente616@exemplo.com,2023-09-14,05:27:35,Cliente 616,2023-05-19
user_618,92508417161,cliente618@exemplo.com,2023-05-17,04:01:00,Cliente 618,2023-10-10
user_619,36074384168,cliente619@exemplo.com,2023-11-19,07:13:00,Cliente 619,2023-07-31
user_62,45120587505,cliente62@exemplo.com,2023-10-06,08:18:00,Cliente 62,2023-01-19
user_620,51846331823,cliente620@exemplo.com,2023-04-29,16:03:00,Cliente 620,2023-05-28
user_621,97474384264,cliente621@exemplo.com,2023-07-28,09:32:00,Cliente 621,2023-03-25
user_622,21970857104,cliente622@exemplo.com,2023-03-09,16:38:00,Cliente 622,2023-08-21
user_623,89345724334,cliente623@exemplo.com,2023-02-09,16:00:00,Cliente 623,2023-08-15
user_625,85835874590,cliente625@exemplo.com,2023-08-18,08:09:07,Cliente 625,2023-09-22
user_626,45528173265,cliente626@exemplo.com,2023-03-08,01:43:00,Cliente 626,2023-01-03
user_627,86176538947,cliente627@exemplo.com,2023-09-15,06:40:00,Cliente 627,2023-02-23
user_628,28462984520,cliente628@exemplo.com,2023-06-18,12:03:00,Cliente 628,2023-12-04
user_629,90590775763,cliente629@exemplo.com,2023-09-18,13:08:00,Cliente 629,2023-06-12
user_63,80302128440,cliente63@exemplo.com,2023-01-06,00:14:00,Cliente 63,2023-10-24
user_630,98801482766,cliente630@exemplo.com,2023-04-28,00:25:00,Cliente 630,2023-02-13
user_632,57208278019,cliente632@exemplo.com,2023-06-16,09:10:00,Cliente 632,2023-07-30
user_633,88404469266,cliente633@exemplo.com,2023-12-19,17:48:00,Cliente 633,2023-09-13
user_634,35168062733,cliente634@exemplo.com,2023-10-09,07:36:00,Cliente 634,2023-08-18
user_635,70587615017,cliente635@exemplo.com,2023-11-15,05:00:00,Cliente 635,2023-04-22
user_636,74733037013,cliente636@exemplo.com,2023-07-03,07:22:00,Cliente 636,2023-07-12
user_637,36615721584,cliente637@exemplo.com,2023-07-30,16:39:12,Cliente 637,2023-03-30
user_639,14803821869,cliente639@exemplo.com,2023-12-08,15:27:00,Cliente 639,2023-09-06
user_640,82672895422,cliente640@exemplo.com,2023-10-07,05:44:00,Cliente 640,2023-01-01
user_641,42451245429,cliente641@exemplo.com,2023-07-17,18:44:00,Cliente 641,2023-11-12
user_642,94502297581,cliente642@exemplo.com,2023-06-22,12:44:00,Cliente 642,2023-04-19
user_643,95335622921,cliente643@exemplo.com,2023-06-27,10:33:00,Cliente 643,2023-03-17
user_644,34102835854,cliente644@exemplo.com,2023-11-22,11:14:00,Cliente 644,2023-11-04
user_646,53021298671,cliente646@exemplo.com,2023-12-12,10:53:31,Cliente 646,2023-05-29
user_647,13331511210,cliente647@exemplo.com,2023-04-29,19:08:00,Cliente 647,2023-06-23
user_648,98879555034,cliente648@exemplo.com,2023-01-02,01:28:00,Cliente 648,2023-12-11
user_649,92925973390,cliente649@exemplo.com,2023-05-19,22:30:20,Cliente 649,2023-10-13
user_65,93720264716,cliente65@exemplo.com,2023-11-06,10:32:00,Cliente 65,2023-10-04
user_650,23095887976,cliente650@exemplo.com,2023-06-26,05:38:00,Cliente 650,2023-10-12
user_651,11395001202,cliente651@exemplo.com,2023-09-29,08:30:00,Cliente 651,2023-05-04
user_653,86768255532,cliente653@exemplo.com,2023-02-11,01:32:00,Cliente 653,2023-01-18
user_654,86614050870,cliente654@exemplo.com,2023-04-22,19:45:36,Cliente 654,2023-06-13
user_655,38673242975,cliente655@exemplo.com,2023-08-13,12:54:24,Cliente 655,2023-12-14
user_656,24024485317,cliente656@exemplo.com,2023-09-01,02:54:00,Cliente 656,2023-10-20
user_657,75959104432,cliente657@exemplo.com,2023-04-17,14:30:00,Cliente 657,2023-11-03
user_658,95851661563,cliente658@exemplo.com,2023-11-02,06:50:00,Cliente 658,2023-01-28
user_66,29239383201,cliente66@exemplo.com,2023-02-13,20:28:53,Cliente 66,2023-08-22
user_660,38326665368,cliente660@exemplo.com,2023-09-20,12:28:00,Cliente 660,2023-01-31
user_661,71046430095,cliente661@exemplo.com,2023-08-31,11:00:00,Cliente 661,2023-02-12
user_662,62511028521,cliente662@exemplo.com,2023-02-05,17:02:00,Cliente 662,2023-11-26
user_663,74129578844,cliente663@exemplo.com,2023-09-10,11:32:12,Cliente 663,2023-06-09
user_664,21736083740,cliente664@exemplo.com,2023-03-09,11:12:00,Cliente 664,2023-01-24
user_665,93771769829,cliente665@exemplo.com,2023-12-13,05:18:00,Cliente 665,2023-03-12
user_667,95930061877,cliente667@exemplo.com,2023-06-28,15:11:00,Cliente 667,2023-12-30
user_668,58728582151,cliente668@exemplo.com,2023-10-12,12:06:00,Cliente 668,2023-04-29
user_669,23527558671,cliente669@exemplo.com,2023-12-06,16:26:12,Cliente 669,2023-01-10
user_67,91126984048,cliente67@exemplo.com,2023-01-11,11:45:00,Cliente 67,2023-12-25
user_670,49488696401,cliente670@exemplo.com,2023-12-07,06:56:00,Cliente 670,2023-07-22
user_671,33749209350,cliente671@exemplo.com,2023-03-28,09:45:00,Cliente 671,2023-07-15
user_672,87268097294,cliente672@exemplo.com,2023-07-15,10:20:50,Cliente 672,2023-08-15
user_674,51974164083,cliente674@exemplo.com,2023-06-28,14:10:29,Cliente 674,2023-01-12
user_675,84814414517,cliente675@exemplo.com,2023-01-28,11:44:21,Cliente 675,2023-11-04
user_676,89076963104,cliente676@exemplo.com,2023-10-31,21:23:32,Cliente 676,2024-01-01
user_677,37352957643,cliente677@exemplo.com,2023-05-17,23:55:06,Cliente 677,2023-01-20
user_678,23030696429,cliente678@exemplo.com,2023-02-20,04:36:00,Cliente 678,2023-03-11
user_679,36501602535,cliente679@exemplo.com,2023-02-09,09:06:00,Cliente 679,2023-03-14
user_68,79203634652,cliente68@exemplo.com,2023-11-05,01:55:00,Cliente 68,2023-03-26
user_681,13463971639,cliente681@exemplo.com,2023-03-23,07:02:00,Cliente 681,2023-07-28
user_682,45357941071,cliente682@exemplo.com,2023-11-22,11:32:00,Cliente 682,2023-03-18
user_683,46858361977,cliente683@exemplo.com,2023-01-14,06:26:00,Cliente 683,2023-02-01
user_684,25530230525,cliente684@exemplo.com,2023-11-27,04:57:00,Cliente 684,2023-03-11
user_685,31878833727,cliente685@exemplo.com,2023-04-27,19:09:22,Cliente 685,2023-03-14
user_686,37037369039,cliente686@exemplo.com,2023-11-23,05:08:35,Cliente 686,2023-07-24
user_688,78632452911,cliente688@exemplo.com,2023-04-02,12:57:10,Cliente 688,2023-02-21
user_689,54932534732,cliente689@exemplo.com,2023-05-28,11:25:00,Cliente 689,2023-12-28
user_69,85563453124,cliente69@exemplo.com,2023-06-08,20:28:00,Cliente 69,2023-07-28
user_690,60225067734,cliente690@exemplo.com,2023-01-13,10:54:10,Cliente 690,2023-06-09
user_691,63717715522,cliente691@exemplo.com,2023-05-23,03:15:00,Cliente 691,2023-07-17
user_692,97359052798,cliente692@exemplo.com,2023-12-09,21:32:24,Cliente 692,2023-05-27
user_693,59153761882,cliente693@exemplo.com,2023-12-27,11:23:00,Cliente 693,2023-05-19
user_695,15401717764,cliente695@exemplo.com,2023-08-26,23:48:00,Cliente 695,2023-12-03
user_696,33809114023,cliente696@exemplo.com,2023-11-16,02:14:15,Cliente 696,2023-10-03
user_697,47038135992,cliente697@exemplo.com,2023-04-21,03:44:45,Cliente 697,2023-08-24
user_698,42086026531,cliente698@exemplo.com,2023-10-28,19:49:16,Cliente 698,2023-01-31
user_699,10182481594,cliente699@exemplo.com,2023-05-28,06:35:37,Cliente 699,2023-01-21
user_7,77833190861,cliente7@exemplo.com,2023-02-28,03:13:11,Cliente 7,2023-09-14
user_70,99723661721,cliente70@exemplo.com,2023-01-21,03:31:00,Cliente 70,2023-02-20
user_700,89062642512,cliente700@exemplo.com,2023-10-30,08:25:00,Cliente 700,2023-10-06
user_702,29991062670,cliente702@exemplo.com,2023-01-03,12:38:00,Cliente 702,2023-12-02
user_703,16943302812,cliente703@exemplo.com,2023-09-25,11:44:00,Cliente 703,2023-01-20
user_704,70238222945,cliente704@exemplo.com,2023-05-19,18:12:37,Cliente 704,2023-10-13
user_705,33306495319,cliente705@exemplo.com,2023-11-30,10:17:00,Cliente 705,2023-05-12
user_706,45070359182,cliente706@exemplo.com,2023-10-02,01:00:00,Cliente 706,2023-08-22
user_707,90859169470,cliente707@exemplo.com,2023-12-14,14:36:17,Cliente 707,2023-10-15
user_709,75163838142,cliente709@exemplo.com,2023-03-29,01:25:01,Cliente 709,2023-02-04
user_710,24033899616,cliente710@exemplo.com,2023-01-02,23:34:00,Cliente 710,2023-08-05
user_711,12482192768,cliente711@exemplo.com,2023-08-02,20:49:00,Cliente 711,2023-08-17
user_712,20244861915,cliente712@exemplo.com,2023-09-23,12:26:00,Cliente 712,2023-08-03
user_713,88465542119,cliente713@exemplo.com,2023-12-26,09:17:00,Cliente 713,2023-02-02
user_714,52623349819,cliente714@exemplo.com,2023-11-18,03:12:00,Cliente 714,2023-08-10
user_716,89355583527,cliente716@exemplo.com,2023-12-07,12:49:28,Cliente 716,2023-01-20
user_717,38452352642,cliente717@exemplo.com,2023-02-22,16:59:00,Cliente 717,2023-06-08
user_718,42593660497,cliente718@exemplo.com,2023-11-26,02:56:00,Cliente 718,2023-04-08
user_719,51640141849,cliente719@exemplo.com,2023-09-06,03:23:00,Cliente 719,2023-12-19
user_72,58778111552,cliente72@exemplo.com,2023-10-11,01:12:00,Cliente 72,2023-07-19
user_720,86789167504,cliente720@exemplo.com,2023-08-09,02:27:39,Cliente 720,2023-12-02
user_721,80738309789,cliente721@exemplo.com,2023-10-30,09:25:00,Cliente 721,2023-09-05
user_723,84712705981,cliente723@exemplo.com,2023-11-07,08:04:00,Cliente 723,2023-02-24
user_724,14443914102,cliente724@exemplo.com,2023-02-16,23:54:41,Cliente 724,2023-06-11
user_725,54271991345,cliente725@exemplo.com,2023-12-10,10:39:00,Cliente 725,2023-08-22
user_726,38729074252,cliente726@exemplo.com,2023-12-01,00:09:00,Cliente 726,2023-11-05
user_727,51265379468,cliente727@exemplo.com,2023-06-09,00:49:47,Cliente 727,2023-03-24
user_728,72341708925,cliente728@exemplo.com,2023-01-02,06:06:28,Cliente 728,2023-01-19
user_73,60184800163,cliente73@exemplo.com,2023-01-16,16:22:00,Cliente 73,2023-08-18
user_730,52492630928,cliente730@exemplo.com,2023-05-22,04:13:04,Cliente 730,2023-05-22
user_731,62293303650,cliente731@exemplo.com,2023-09-24,04:21:00,Cliente 731,2023-02-16
user_732,68774355626,cliente732@exemplo.com,2023-07-13,13:39:53,Cliente 732,2023-06-28
user_733,81842481461,cliente733@exemplo.com,2023-11-07,03:06:00,Cliente 733,2023-10-06
user_734,38151719326,cliente734@exemplo.com,2023-06-20,18:42:00,Cliente 734,2023-06-25
user_735,35749725137,cliente735@exemplo.com,2023-02-17,02:47:00,Cliente 735,2023-07-16
user_737,15594534824,cliente737@exemplo.com,2023-01-15,19:55:00,Cliente 737,2023-11-13
user_738,45472810785,cliente738@exemplo.com,2023-11-10,12:08:00,Cliente 738,2023-09-26
user_739,54963337847,cliente739@exemplo.com,2023-03-03,12:36:00,Cliente 739,2023-09-05
user_74,31463906276,cliente74@exemplo.com,2023-01-02,09:02:39,Cliente 74,2023-01-07
user_740,88245666224,cliente740@exemplo.com,2023-08-18,06:43:00,Cliente 740,2023-04-03
user_741,52820828481,cliente741@exemplo.com,2023-07-03,05:48:00,Cliente 741,2023-11-22
user_742,68909046431,cliente742@exemplo.com,2023-01-05,04:36:00,Cliente 742,2023-05-20
user_744,23173866301,cliente744@exemplo.com,2023-12-17,02:50:00,Cliente 744,2023-11-14
user_745,26120571508,cliente745@exemplo.com,2023-02-08,14:53:32,Cliente 745,2023-09-29
user_746,24118028302,cliente746@exemplo.com,2023-06-21,02:40:00,Cliente 746,2023-11-10
user_747,69772347893,cliente747@exemplo.com,2023-12-21,01:41:00,Cliente 747,2023-11-21
user_748,44611214423,cliente748@exemplo.com,2023-10-20,08:07:00,Cliente 748,2023-06-19
user_749,99671477724,cliente749@exemplo.com,2023-06-27,12:54:00,Cliente 749,2023-08-28
user_75,71107070460,cliente75@exemplo.com,2023-11-13,02:05:00,Cliente 75,2023-12-14
user_751,39628045516,cliente751@exemplo.com,2023-12-20,12:55:00,Cliente 751,2023-06-16
user_752,11897831714,cliente752@exemplo.com,2023-03-26,10:52:05,Cliente 752,2023-02-22
user_753,77071667519,cliente753@exemplo.com,2023-07-26,12:30:00,Cliente 753,2023-04-30
user_754,95877235846,cliente754@exemplo.com,2023-06-30,04:11:00,Cliente 754,2023-08-31
user_755,85662011547,cliente755@exemplo.com,2023-02-28,01:54:00,Cliente 755,2023-01-24
user_756,58258036684,cliente756@exemplo.com,2023-07-25,03:27:10,Cliente 756,2023-06-03
user_758,57273269938,cliente758@exemplo.com,2023-08-24,06:00:00,Cliente 758,2023-11-22
user_759,93538195137,cliente759@exemplo.com,2023-11-20,22:17:00,Cliente 759,2023-03-30
user_76,82991918689,cliente76@exemplo.com,2023-05-29,03:16:31,Cliente 76,2023-06-08
user_760,39352258818,cliente760@exemplo.com,2023-06-27,08:00:44,Cliente 760,2023-02-09
user_761,34135595131,cliente761@exemplo.com,2023-08-06,04:26:00,Cliente 761,2023-03-04
user_762,61009339790,cliente762@exemplo.com,2023-08-25,05:00:21,Cliente 762,2023-09-20
user_763,29965493593,cliente763@exemplo.com,2023-10-23,11:08:00,Cliente 763,2023-12-18
user_765,62924803761,cliente765@exemplo.com,2023-07-18,08:52:54,Cliente 765,2023-07-16
user_766,49855930928,cliente766@exemplo.com,2023-10-09,07:43:00,Cliente 766,2023-10-11
user_767,58899545036,cliente767@exemplo.com,2023-06-09,00:47:00,Cliente 767,2023-04-21
user_768,16909818895,cliente768@exemplo.com,2023-11-09,10:54:19,Cliente 768,2023-11-12
user_769,57139056935,cliente769@exemplo.com,2023-07-16,02:11:00,Cliente 769,2023-09-30
user_77,45184053506,cliente77@exemplo.com,2023-06-09,05:44:00,Cliente 77,2023-05-25
user_770,24205153803,cliente770@exemplo.com,2023-03-15,18:52:17,Cliente 770,2023-01-22
user_772,30729414281,cliente772@exemplo.com,2023-09-07,10:46:00,Cliente 772,2023-01-04
user_773,51326729634,cliente773@exemplo.com,2023-10-31,11:33:00,Cliente 773,2023-01-01
user_774,19635856977,cliente774@exemplo.com,2023-01-05,10:46:37,Cliente 774,2023-10-01
user_775,85758298653,cliente775@exemplo.com,2023-07-22,16:48:27,Cliente 775,2023-08-25
user_776,42561673200,cliente776@exemplo.com,2023-03-01,01:45:20,Cliente 776,2023-04-12
user_777,43869681499,cliente777@exemplo.com,2023-08-01,16:07:00,Cliente 777,2023-11-22
user_779,80216000714,cliente779@exemplo.com,2023-08-06,19:57:00,Cliente 779,2023-10-04
user_780,27979329498,cliente780@exemplo.com,2023-06-07,12:48:00,Cliente 780,2023-03-12
user_781,12480947079,cliente781@exemplo.com,2023-10-25,11:16:00,Cliente 781,2023-06-23
user_782,92959549680,cliente782@exemplo.com,2023-11-24,05:19:00,Cliente 782,2023-02-19
user_783,17361419694,cliente783@exemplo.com,2023-09-16,12:45:00,Cliente 783,2023-01-06
user_784,78894694146,cliente784@exemplo.com,2023-10-17,01:05:21,Cliente 784,2023-06-25
user_786,92265887660,cliente786@exemplo.com,2023-02-09,17:44:06,Cliente 786,2023-11-01
user_787,14746750935,cliente787@exemplo.com,2023-10-24,15:16:36,Cliente 787,2023-10-09
user_788,29838287472,cliente788@exemplo.com,2023-10-29,04:40:00,Cliente 788,2023-11-26
user_789,58728470841,cliente789@exemplo.com,2023-11-12,12:38:00,Cliente 789,2023-04-05
user_79,75505014617,cliente79@exemplo.com,2023-02-17,06:58:00,Cliente 79,2023-07-17
user_790,98331167345,cliente790@exemplo.com,2023-05-21,18:51:43,Cliente 790,2023-11-30
user_791,66748591093,cliente791@exemplo.com,2023-01-06,03:49:00,Cliente 791,2023-08-05
user_793,85707635294,cliente793@exemplo.com,2023-11-28,22:12:00,Cliente 793,2023-06-25
user_794,35023536004,cliente794@exemplo.com,2023-12-01,08:25:51,Cliente 794,2023-11-03
user_795,89958749938,cliente795@exemplo.com,2023-05-15,20:11:00,Cliente 795,2023-09-20
user_796,35130818373,cliente796@exemplo.com,2023-05-06,13:37:25,Cliente 796,2023-01-15
user_797,91674384902,cliente797@exemplo.com,2023-05-07,14:13:00,Cliente 797,2023-03-30
user_798,16968698360,cliente798@exemplo.com,2023-02-21,07:29:00,Cliente 798,2023-10-07
user_80,86511212147,cliente80@exemplo.com,2023-03-10,05:01:00,Cliente 80,2023-04-12
user_800,75931617725,cliente800@exemplo.com,2023-07-04,18:41:00,Cliente 800,2023-10-27
user_801,40318646800,cliente801@exemplo.com,2023-01-07,06:29:00,Cliente 801,2023-04-16
user_802,65493779474,cliente802@exemplo.com,2023-11-06,03:40:00,Cliente 802,2023-06-17
user_803,67702436274,cliente803@exemplo.com,2023-06-14,00:03:00,Cliente 803,2023-06-29
user_804,45783980931,cliente804@exemplo.com,2023-04-15,07:32:00,Cliente 804,2023-09-29
user_805,42033472427,cliente805@exemplo.com,2023-07-23,18:22:49,Cliente 805,2023-05-03
user_807,20501964448,cliente807@exemplo.com,2023-08-22,03:43:00,Cliente 807,2023-08-26
user_808,92068277013,cliente808@exemplo.com,2023-09-15,07:58:00,Cliente 808,2023-09-19
user_809,55336319517,cliente809@exemplo.com,2023-04-28,04:23:00,Cliente 809,2023-07-18
user_81,88991044794,cliente81@exemplo.com,2023-08-17,05:59:00,Cliente 81,2023-11-17
user_810,39089375504,cliente810@exemplo.com,2023-05-16,10:26:00,Cliente 810,2023-06-22
user_811,56856730305,cliente811@exemplo.com,2023-06-27,01:36:00,Cliente 811,2023-07-03
user_812,60660359612,cliente812@exemplo.com,2023-10-24,04:39:59,Cliente 812,2023-07-26
user_814,88814521858,cliente814@exemplo.com,2023-12-15,01:57:36,Cliente 814,2023-02-19
user_815,58957284667,cliente815@exemplo.com,2023-01-24,04:27:00,Cliente 815,2023-06-05
user_816,65409097578,cliente816@exemplo.com,2023-03-04,06:21:00,Cliente 816,2023-04-11
user_817,82963635777,cliente817@exemplo.com,2023-05-14,19:55:00,Cliente 817,2023-12-28
user_818,75981929435,cliente818@exemplo.com,2023-06-17,04:20:00,Cliente 818,2023-04-06
user_819,44190721150,cliente819@exemplo.com,2023-02-03,18:37:10,Cliente 819,2023-05-03
user_82,75417238746,cliente82@exemplo.com,2023-07-22,03:06:00,Cliente 82,2023-04-02
user_821,58480382763,cliente821@exemplo.com,2023-02-26,19:56:00,Cliente 821,2023-09-02
user_822,26566700545,cliente822@exemplo.com,2023-10-25,01:48:00,Cliente 822,2023-08-07
user_823,51755797470,cliente823@exemplo.com,2023-12-17,11:19:21,Cliente 823,2023-10-17
user_824,74157533680,cliente824@exemplo.com,2023-03-02,16:13:30,Cliente 824,2023-04-09
user_825,67781483012,cliente825@exemplo.com,2023-09-22,19:42:06,Cliente 825,2023-12-13
user_826,40977596459,cliente826@exemplo.com,2023-06-17,05:12:00,Cliente 826,2023-03-27
user_828,49811572498,cliente828@exemplo.com,2023-11-02,06:09:00,Cliente 828,2023-12-17
user_829,85658905921,cliente829@exemplo.com,2023-04-15,13:14:22,Cliente 829,2023-11-05
user_83,57493374292,cliente83@exemplo.com,2023-07-09,03:04:00,Cliente 83,2023-09-19
user_830,60350015784,cliente830@exemplo.com,2023-01-25,11:56:09,Cliente 830,2023-02-23
user_831,51588854662,cliente831@exemplo.com,2023-02-06,13:04:00,Cliente 831,2023-08-21
user_832,24629323400,cliente832@exemplo.com,2023-01-22,09:28:00,Cliente 832,2023-02-13
user_833,17320076862,cliente833@exemplo.com,2023-02-05,11:52:00,Cliente 833,2023-01-02
user_835,63336452046,cliente835@exemplo.com,2023-05-05,21:23:00,Cliente 835,2023-10-22
user_836,91403620543,cliente836@exemplo.com,2023-03-04,04:13:00,Cliente 836,2023-11-12
user_837,71311528606,cliente837@exemplo.com,2023-04-09,04:50:12,Cliente 837,2023-12-23
user_838,48845974288,cliente838@exemplo.com,2023-03-23,09:55:00,Cliente 838,2023-11-03
user_839,72683091635,cliente839@exemplo.com,2023-08-07,03:48:00,Cliente 839,2023-07-27
user_84,71146346309,cliente84@exemplo.com,2023-05-27,01:27:00,Cliente 84,2023-05-15
user_840,61901425981,cliente840@exemplo.com,2023-07-26,23:40:48,Cliente 840,2023-07-20
user_842,38903255972,cliente842@exemplo.com,2023-05-20,01:00:00,Cliente 842,2023-01-08
user_843,77307487798,cliente843@exemplo.com,2023-01-18,02:42:00,Cliente 843,2023-11-30
user_844,47056610958,cliente844@exemplo.com,2023-05-08,07:08:33,Cliente 844,2023-10-23
user_845,18993368574,cliente845@exemplo.com,2023-04-27,19:50:22,Cliente 845,2023-04-14
user_846,26433587428,cliente846@exemplo.com,2023-09-07,15:34:32,Cliente 846,2023-07-21
user_847,89692502339,cliente847@exemplo.com,2023-01-29,21:58:00,Cliente 847,2023-05-02
user_849,67520593576,cliente849@exemplo.com,2023-12-04,10:02:00,Cliente 849,2023-06-10
user_850,32676667921,cliente850@exemplo.com,2023-01-20,06:23:00,Cliente 850,2023-09-01
user_851,31139589560,cliente851@exemplo.com,2023-12-23,05:20:00,Cliente 851,2023-04-14
user_852,15126273054,cliente852@exemplo.com,2023-03-16,08:14:00,Cliente 852,2023-12-05
user_853,78661661723,cliente853@exemplo.com,2023-04-30,20:14:00,Cliente 853,2023-11-28
user_854,87922650277,cliente854@exemplo.com,2023-06-08,09:43:00,Cliente 854,2023-09-29
user_856,33360063559,cliente856@exemplo.com,2023-10-25,20:35:00,Cliente 856,2023-11-14
user_857,47226612500,cliente857@exemplo.com,2023-02-06,05:19:00,Cliente 857,2023-05-21
user_858,59439822409,cliente858@exemplo.com,2023-06-11,07:39:00,Cliente 858,2023-09-12
user_859,76813208865,cliente859@exemplo.com,2023-04-29,05:38:00,Cliente 859,2023-03-17
user_86,43379436888,cliente86@exemplo.com,2023-01-27,13:09:00,Cliente 86,2023-05-12
user_860,94017723914,cliente860@exemplo.com,2023-04-23,16:10:00,Cliente 860,2023-09-17
user_861,42116816074,cliente861@exemplo.com,2023-10-26,18:30:28,Cliente 861,2023-04-07
user_863,47374121307,cliente863@exemplo.com,2023-07-19,07:53:00,Cliente 863,2023-02-09
user_864,84244423245,cliente864@exemplo.com,2023-03-19,12:07:00,Cliente 864,2023-09-04
user_865,29506136950,cliente865@exemplo.com,2023-10-20,23:38:24,Cliente 865,2023-01-13
user_866,43585654417,cliente866@exemplo.com,2023-05-07,23:21:00,Cliente 866,2023-04-24
user_867,47480734837,cliente867@exemplo.com,2023-10-16,12:23:00,Cliente 867,2023-10-23
user_868,69821538154,cliente868@exemplo.com,2023-07-19,22:05:31,Cliente 868,2023-02-18
user_87,77121030510,cliente87@exemplo.com,2023-08-08,22:03:58,Cliente 87,2023-12-07
user_870,28044845984,cliente870@exemplo.com,2023-11-20,00:28:00,Cliente 870,2023-12-07
user_871,28923153390,cliente871@exemplo.com,2023-03-14,04:06:17,Cliente 871,2023-11-17
user_872,96445081313,cliente872@exemplo.com,2023-06-23,04:43:53,Cliente 872,2023-11-07
user_873,38473933141,cliente873@exemplo.com,2023-10-25,21:02:05,Cliente 873,2023-05-28
user_874,82584868849,cliente874@exemplo.com,2023-06-16,10:05:00,Cliente 874,2023-08-03
user_875,91935060668,cliente875@exemplo.com,2023-12-11,13:32:00,Cliente 875,2023-11-24
user_877,84603525982,cliente877@exemplo.com,2023-12-19,09:50:00,Cliente 877,2023-03-21
user_878,73440975126,cliente878@exemplo.com,2023-05-21,07:03:00,Cliente 878,2023-08-27
user_879,93431337935,cliente879@exemplo.com,2023-01-02,01:39:00,Cliente 879,2023-03-06
user_88,72842074194,cliente88@exemplo.com,2023-08-25,03:11:00,Cliente 88,2023-10-23
user_880,50373805489,cliente880@exemplo.com,2023-02-10,10:07:00,Cliente 880,2023-08-16
user_881,28978907360,cliente881@exemplo.com,2023-12-24,13:24:15,Cliente 881,2023-08-12
user_882,36292681451,cliente882@exemplo.com,2023-10-25,04:29:00,Cliente 882,2023-01-29
user_884,90265382519,cliente884@exemplo.com,2023-07-02,01:05:32,Cliente 884,2023-06-02
user_885,54891988781,cliente885@exemplo.com,2023-02-07,03:30:00,Cliente 885,2023-03-13
user_886,27033295237,cliente886@exemplo.com,2023-03-06,00:58:38,Cliente 886,2023-12-03
user_887,98685212143,cliente887@exemplo.com,2023-10-05,04:15:00,Cliente 887,2023-03-14
user_888,70444651274,cliente888@exemplo.com,2023-05-26,09:14:52,Cliente 888,2023-12-31
user_889,44646233517,cliente889@exemplo.com,2023-09-03,17:17:22,Cliente 889,2023-08-13
user_89,80770599291,cliente89@exemplo.com,2023-02-14,01:44:00,Cliente 89,2023-08-22
user_891,52636804149,cliente891@exemplo.com,2023-08-25,12:12:00,Cliente 891,2023-12-10
user_892,87519475305,cliente892@exemplo.com,2023-11-18,14:47:00,Cliente 892,2023-03-05
user_893,44271804722,cliente893@exemplo.com,2023-01-27,03:23:37,Cliente 893,2023-09-21
user_894,91404963005,cliente894@exemplo.com,2023-07-18,20:18:00,Cliente 894,2023-04-17
user_895,70159188231,cliente895@exemplo.com,2023-01-19,11:49:10,Cliente 895,2023-06-08
user_896,38282390324,cliente896@exemplo.com,2023-08-27,10:10:14,Cliente 896,2023-08-03
user_898,28947484579,cliente898@exemplo.com,2023-09-23,01:56:00,Cliente 898,2023-07-16
user_899,22222987159,cliente899@exemplo.com,2023-09-16,22:04:24,Cliente 899,2023-09-28
user_9,37827207280,cliente9@exemplo.com,2023-01-29,01:39:00,Cliente 9,2023-06-03
user_90,42908906533,cliente90@exemplo.com,2023-04-12,07:16:00,Cliente 90,2023-09-16
user_900,59335457911,cliente900@exemplo.com,2023-06-10,13:52:00,Cliente 900,2023-05-21
user_901,12526591379,cliente901@exemplo.com,2023-01-05,02:01:00,Cliente 901,2023-09-10
user_902,88853854897,cliente902@exemplo.com,2023-06-17,14:06:00,Cliente 902,2023-09-18
user_903,85106806351,cliente903@exemplo.com,2023-04-30,02:51:00,Cliente 903,2023-03-23
user_905,21761838725,cliente905@exemplo.com,2023-11-17,10:47:00,Cliente 905,2023-05-05
user_906,10399978402,cliente906@exemplo.com,2023-03-06,17:36:00,Cliente 906,2023-04-11
user_907,67276535815,cliente907@exemplo.com,2023-01-10,05:30:00,Cliente 907,2023-01-26
user_908,27953496446,cliente908@exemplo.com,2023-06-05,06:34:00,Cliente 908,2023-11-18
user_909,70832449136,cliente909@exemplo.com,2023-07-30,08:56:00,Cliente 909,2023-06-11
user_91,29807921933,cliente91@exemplo.com,2023-01-18,08:55:00,Cliente 91,2023-07-09
user_910,72549996510,cliente910@exemplo.com,2023-04-21,08:14:00,Cliente 910,2024-01-01
user_912,69160858369,cliente912@exemplo.com,2023-11-11,01:02:28,Cliente 912,2023-01-07
user_913,26794453143,cliente913@exemplo.com,2023-03-04,08:26:00,Cliente 913,2023-11-04
user_914,45753915113,cliente914@exemplo.com,2023-10-30,02:12:49,Cliente 914,2023-12-02
user_915,73392047683,cliente915@exemplo.com,2023-12-04,23:22:52,Cliente 915,2023-08-15
user_916,75493330267,cliente916@exemplo.com,2023-01-22,02:40:21,Cliente 916,2023-12-29
user_917,50969455239,cliente917@exemplo.com,2023-07-14,07:17:00,Cliente 917,2023-05-21
user_919,91413233553,cliente919@exemplo.com,2023-05-14,14:55:00,Cliente 919,2023-04-08
user_920,71877135082,cliente920@exemplo.com,2023-07-12,05:25:00,Cliente 920,2023-11-12
user_921,61759623879,cliente921@exemplo.com,2023-05-27,21:45:07,Cliente 921,2023-04-04
user_922,60513643185,cliente922@exemplo.com,2023-07-14,07:31:00,Cliente 922,2023-07-29
user_923,92129916420,cliente923@exemplo.com,2023-01-15,10:59:47,Cliente 923,2023-12-31
user_924,37982459163,cliente924@exemplo.com,2023-11-28,16:05:58,Cliente 924,2023-12-16
user_926,76793831537,cliente926@exemplo.com,2023-09-02,01:54:00,Cliente 926,2023-03-09
user_927,39334377509,cliente927@exemplo.com,2023-05-06,15:37:00,Cliente 927,2023-05-25
user_928,28235387928,cliente928@exemplo.com,2023-09-09,07:39:00,Cliente 928,2023-03-07
user_929,19227211776,cliente929@exemplo.com,2023-03-10,07:34:00,Cliente 929,2023-02-11
user_93,63102915022,cliente93@exemplo.com,2023-09-05,11:37:00,Cliente 93,2023-02-27
user_930,46922410157,cliente930@exemplo.com,2023-07-19,16:23:11,Cliente 930,2023-12-24
user_931,65138654612,cliente931@exemplo.com,2023-10-31,06:46:50,Cliente 931,2023-07-12
user_933,43898500431,cliente933@exemplo.com,2023-02-25,09:35:00,Cliente 933,2023-07-21
user_934,96987814450,cliente934@exemplo.com,2023-10-10,06:57:00,Cliente 934,2023-10-14
user_935,64121599935,cliente935@exemplo.com,2023-11-03,05:01:00,Cliente 935,2023-12-27
user_936,93211927113,cliente936@exemplo.com,2023-04-18,12:15:00,Cliente 936,2023-10-05
user_937,95780598835,cliente937@exemplo.com,2023-09-08,22:31:00,Cliente 937,2023-01-19
user_938,63955658271,cliente938@exemplo.com,2023-01-09,09:10:51,Cliente 938,2023-07-30
user_94,64939760378,cliente94@exemplo.com,2023-04-08,09:35:00,Cliente 94,2023-09-16
user_940,12374290814,cliente940@exemplo.com,2023-10-24,06:53:00,Cliente 940,2023-03-13
user_941,83320050949,cliente941@exemplo.com,2023-05-19,15:44:55,Cliente 941,2023-04-16
user_942,57781534249,cliente942@exemplo.com,2023-12-03,11:42:04,Cliente 942,2023-04-07
user_943,98723697411,cliente943@exemplo.com,2023-09-15,05:03:00,Cliente 943,2023-10-28
user_944,43807991381,cliente944@exemplo.com,2023-07-13,05:34:00,Cliente 944,2023-08-13
user_945,61940652995,cliente945@exemplo.com,2023-11-26,10:23:00,Cliente 945,2023-12-19
user_947,52650739081,cliente947@exemplo.com,2023-10-20,11:39:27,Cliente 947,2023-08-20
user_948,86778068505,cliente948@exemplo.com,2023-12-22,04:47:52,Cliente 948,2023-11-29
user_949,94708776303,cliente949@exemplo.com,2023-06-01,18:29:47,Cliente 949,2023-03-21
user_95,26670164862,cliente95@exemplo.com,2023-01-07,01:50:00,Cliente 95,2023-11-26
user_950,26686447243,cliente950@exemplo.com,2023-05-30,18:21:00,Cliente 950,2023-05-14
user_951,59073944933,cliente951@exemplo.com,2023-12-06,14:10:45,Cliente 951,2023-08-01
user_952,95309192920,cliente952@exemplo.com,2023-12-19,09:31:00,Cliente 952,2023-11-27
user_954,93613894380,cliente954@exemplo.com,2023-12-22,08:37:00,Cliente 954,2023-02-28
user_955,88621300670,cliente955@exemplo.com,2023-04-26,03:51:00,Cliente 955,2023-04-18
user_956,55846339929,cliente956@exemplo.com,2023-02-06,21:51:00,Cliente 956,2023-06-29
user_957,75387054114,cliente957@exemplo.com,2023-01-03,06:59:00,Cliente 957,2023-12-29
user_958,77314760067,cliente958@exemplo.com,2023-12-25,17:28:00,Cliente 958,2023-03-07
user_959,80694497360,cliente959@exemplo.com,2023-01-06,03:48:00,Cliente 959,2023-03-28
user_96,38034712276,cliente96@exemplo.com,2023-11-23,02:25:26,Cliente 96,2023-08-09
user_961,31762109651,cliente961@exemplo.com,2023-07-09,05:25:34,Cliente 961,2023-03-11
user_962,76770413261,cliente962@exemplo.com,2023-02-05,10:59:00,Cliente 962,2023-10-29
user_963,55456796587,cliente963@exemplo.com,2023-09-28,06:36:00,Cliente 963,2023-07-21
user_964,64883982397,cliente964@exemplo.com,2023-10-27,08:20:43,Cliente 964,2023-05-30
user_965,34164113081,cliente965@exemplo.com,2023-03-02,08:56:18,Cliente 965,2023-07-19
user_966,99486977287,cliente966@exemplo.com,2023-01-02,23:37:00,Cliente 966,2023-08-06
user_968,68969967393,cliente968@exemplo.com,2023-06-01,04:58:00,Cliente 968,2023-12-29
user_969,32989778947,cliente969@exemplo.com,2023-06-21,19:05:00,Cliente 969,2023-09-17
user_97,12182501749,cliente97@exemplo.com,2023-01-11,01:46:00,Cliente 97,2023-02-09
user_970,25314062934,cliente970@exemplo.com,2023-10-27,20:02:56,Cliente 970,2023-08-11
user_971,16914038805,cliente971@exemplo.com,2023-07-17,10:33:00,Cliente 971,2023-11-23
user_972,88528495605,cliente972@exemplo.com,2023-02-19,14:45:00,Cliente 972,2023-09-18
user_973,12250677468,cliente973@exemplo.com,2023-03-03,07:50:00,Cliente 973,2023-05-25
user_975,17887385762,cliente975@exemplo.com,2023-05-01,20:59:27,Cliente 975,2023-06-14
user_976,62075107884,cliente976@exemplo.com,2023-08-12,22:34:07,Cliente 976,2023-02-14
user_977,25886443934,cliente977@exemplo.com,2023-01-02,07:48:00,Cliente 977,2023-09-25
user_978,34517678891,cliente978@exemplo.com,2023-04-25,02:02:00,Cliente 978,2023-10-13
user_979,24872089785,cliente979@exemplo.com,2023-02-08,05:42:25,Cliente 979,2023-10-08
user_98,13930408314,cliente98@exemplo.com,2023-12-30,11:36:10,Cliente 98,2023-09-12
user_980,44561749490,cliente980@exemplo.com,2023-06-10,23:24:00,Cliente 980,2023-10-27
user_982,74745651917,cliente982@exemplo.com,2023-08-26,01:16:00,Cliente 982,2023-09-04
user_983,40889077255,cliente983@exemplo.com,2023-03-15,16:05:00,Cliente 983,2023-12-10
user_984,63824918619,cliente984@exemplo.com,2023-11-23,11:23:00,Cliente 984,2023-04-22
user_985,55628828143,cliente985@exemplo.com,2023-03-04,09:11:16,Cliente 985,2023-01-05
user_986,30702898273,cliente986@exemplo.com,2023-09-26,08:48:34,Cliente 986,2023-02-01
user_987,52776710383,cliente987@exemplo.com,2023-03-28,01:26:00,Cliente 987,2023-08-01
user_989,51353618839,cliente989@exemplo.com,2023-04-26,07:34:00,Cliente 989,2023-06-30
user_990,74873491636,cliente990@exemplo.com,2023-05-02,11:53:21,Cliente 990,2023-05-13
user_991,16472796161,cliente991@exemplo.com,2023-09-19,15:06:17,Cliente 991,2023-03-27
user_992,98589178338,cliente992@exemplo.com,2023-03-08,22:32:18,Cliente 992,2023-05-12
user_993,57685176418,cliente993@exemplo.com,2023-09-19,03:23:00,Cliente 993,2023-04-06
user_994,95669995667,cliente994@exemplo.com,2023-05-27,04:06:00,Cliente 994,2023-06-16
user_996,50926546827,cliente996@exemplo.com,2023-11-18,00:02:00,Cliente 996,2023-03-25
user_997,32000789036,cliente997@exemplo.com,2023-12-03,19:34:00,Cliente 997,2023-09-13
user_998,11155906290,cliente998@exemplo.com,2023-03-10,04:48:55,Cliente 998,2023-03-25
user_999,92303900565,cliente999@exemplo.com,2023-09-15,12:03:00,Cliente 999,2023-06-21
